Kategori,Kode,Judul,Deskripsi
A,01,"PERTANIAN TANAMAN, PETERNAKAN, PERBURUAN, DAN KEGIATAN JASA TERKAIT","Golongan pokok ini mencakup dua kegiatan dasar yakni produksi tanaman dan hewan, yang meliputi kegiatan pertanian tanaman pangan, perkebunan, dan hortikultura; kegiatan pemeliharaan hewan; perburuan dan penangkapan; serta kegiatan jasa yang terkait. Golongan pokok ini mencakup pertanian di lahan terbuka, di bawah penutup, atau di rumah kaca. Golongan pokok ini juga mencakup budi daya tanaman tanpa tanah, seperti hidroponik dan akuaponik. Kegiatan pertanian tidak mencakup kegiatan pengolahan dari komoditas pertanian yang termasuk dalam kategori C (industri). Penyiapan produk untuk pasar primer (pasar tempat produk dijual pertama kali) termasuk dalam golongan pokok ini. Kegiatan konstruksi lahan seperti pembuatan petak-petak sawah, saluran irigasi, saluran pembuangan air, serta pembersihan dan perbaikan lahan untuk pertanian tidak termasuk di sini, tetapi termasuk dalam kategori konstruksi (F). Pembeli dan asosiasi kooperatif yang bergerak di bidang pemasaran hasil pertanian diklasifikasikan pada kategori G."
A,02,PENGELOLAAN KEHUTANAN DAN PEMANENAN KAYU,"Golongan pokok ini mencakup kegiatan silvikultur, produksi kayu bulat, serta ekstraksi dan pemungutan produk hutan bukan kayu yang tumbuh secara liar. Selain produksi kayu, kegiatan kehutanan juga menghasilkan produk yang hanya melalui sedikit pemrosesan, seperti kayu bakar, arang, dan kayu bulat yang digunakan dalam bentuk yang tidak diproses (contohnya pit-props, kayu pulp/pulpwood). Kegiatan ini dapat dilakukan di hutan alam, hutan semialami, atau hutan tanaman. Golongan pokok ini tidak mencakup pengolahan lanjutan dari kayu yang dimulai dengan penggergajian dan penyerutan kayu, lihat golongan pokok 16."
A,03,PERIKANAN,"Golongan pokok ini mencakup penangkapan dan budi daya ikan, pengumpulan ikan, krustasea, moluska, dan biota air lainnya dari air laut, air payau, atau air tawar (misalnya tanaman air, mutiara, dan karang). Golongan pokok ini juga mencakup aktivitas jasa insidental terkait penangkapan atau budi daya ikan di air laut, air payau, atau air tawar. Golongan pokok ini tidak mencakup pembuatan dan reparasi kapal dan perahu, lihat subgolongan 3011, 3315; pemrosesan ikan, krustasea, atau moluska, baik di pabrik yang di darat ataupun pabrik yang di kapal, lihat golongan 102; olahraga atau aktivitas rekreasi pemancingan, lihat subgolongan 9319."
B,05,PERTAMBANGAN BATU BARA DAN LIGNIT,"Golongan pokok ini mencakup ekstraksi bahan bakar mineral padat melalui penambangan bawah tanah atau terbuka (misalnya penggolongan, pembersihan, pemadatan, dan langkah-langkah lain yang diperlukan untuk diangkut) yang menghasilkan produk yang siap untuk dipasarkan. Golongan pokok ini tidak mencakup pengolahan batubara menjadi kokas (lihat subgolongan 1910); jasa pertambangan batubara atau lignit (lihat subgolongan 0990); pembuatan briket (lihat subgolongan 1920)."
B,06,PERTAMBANGAN MINYAK BUMI MENTAH DAN GAS ALAM,"Golongan pokok ini mencakup produksi minyak bumi mentah, pertambangan dan ekstraksi/pengambilan minyak dari serpihan minyak dan pasir minyak, produksi gas alam, serta pemulihan cairan hidrokarbon. Golongan pokok ini juga mencakup kegiatan pengoperasian dan/atau pengembangan lokasi penambangan minyak dan gas. Kegiatan dalam golongan pokok ini dapat mencakup pengeboran, penyelesaian dan perlengkapan sumur; pengoperasian separator, pemisah emulsi, peralatan pemisah garam dan pipa pengumpulan minyak bumi mentah; dan aktivitas lainnya pada tahap persiapan minyak dan gas dari lokasi produksi hingga ke titik pengiriman."
B,07,PERTAMBANGAN BIJIH LOGAM,"Golongan pokok ini mencakup pertambangan bijih logam, yang dilakukan melalui penambangan bawah tanah, penambangan terbuka (open-cast), dasar laut, dan lain-lain. Golongan pokok ini juga mencakup peningkatan manfaat, seperti penghancuran, pengasahan, pencucian, pengeringan, penyinteran (pemanasan tanpa pelelehan), pengalsinasian (pemanasan sampai oksidasi) dan peluruhan bijih logam, serta operasi pengapungan dan pemisahan dengan gaya berat (gravitasi)."
B,08,PERTAMBANGAN DAN PENGGALIAN LAINNYA,"Golongan pokok ini mencakup pengambilan mineral dari tambang dan galian, juga pengerukan tanah endapan, penghancuran batu, dan pengambilan garam. Sebagian besar hasil pertambangan dan penggalian mineral ini digunakan pada bidang konstruksi (pasir, batu dan lain-lain), pengolahan bahan galian (tanah liat, gips, kapur dan lain-lain), pembuatan bahan-bahan kimia, dan lain-lain. Golongan pokok ini juga mencakup ekstraksi garam dari air laut, air garam, dan air asin lainnya. Golongan pokok ini tidak mencakup pembuatan bahan kimia dan produk dari bahan kimia, logam dasar, produk yang dibuat dari mineral tidak mengandung logam, dan pengolahan lebih lanjut lainnya dari hasil pertambangan, lihat kategori C."
B,09,AKTIVITAS JASA PENUNJANG PERTAMBANGAN,"Golongan pokok ini mencakup jasa penunjang yang dikhususkan untuk pertambangan atas dasar balas jasa atau kontrak. Golongan pokok ini mencakup jasa eksplorasi dengan cara pencarian tradisional, seperti pengambilan contoh bijih logam dan melakukan observasi geologi dengan cara pengeboran, pengeboran percobaan, atau pengeboran ulang sumur minyak, mineral logam, dan bukan logam. Jasa khusus lainnya mencakup pembangunan fondasi sumur minyak dan gas, penyemenan pinggiran sumur minyak dan gas, pembersihan, penimbaan dan pengepelan sumur minyak dan gas, serta pemompaan dan pengeringan tambang."
C,10,INDUSTRI MAKANAN,"Golongan pokok ini mencakup pengolahan produk pertanian, kehutanan, dan perikanan menjadi makanan, baik untuk manusia maupun hewan, dan mencakup produk setengah jadi/produk antara yang tidak secara langsung menjadi produk makanan, tetapi nilainya dapat lebih besar atau lebih kecil (misalnya kulit dari pemotongan hewan dan bungkil dari pembuatan minyak). Golongan pokok ini terdiri dari kegiatan yang berhubungan dengan berbagai macam produk makanan, seperti daging, ikan, buah-buahan dan sayursayuran, lemak dan minyak, produk susu, produk penggilingan bijibijian, pakan hewan, dan produk makanan lainnya."
C,11,INDUSTRI MINUMAN,"Golongan pokok ini mencakup pembuatan minuman, seperti minuman tidak beralkohol dan air mineral, minuman beralkohol yang dibuat melalui fermentasi, bir dan anggur, dan minuman beralkohol yang disuling/didistilasi. Golongan pokok ini juga mencakup pembuatan malt."
C,12,INDUSTRI PRODUK TEMBAKAU,Golongan pokok ini mencakup pengolahan tembakau atau produk pengganti tembakau ke dalam bentuk yang siap digunakan untuk konsumsi akhir.
C,13,INDUSTRI TEKSTIL,"Golongan pokok ini mencakup kegiatan persiapan dan pemintalan serat tekstil, pertenunan, dan penyempurnaan tekstil dan pakaian jadi, pembuatan barang tekstil untuk keperluan teknis, pembuatan barang-barang tekstil bukan pakaian (seperti barang jadi tekstil untuk keperluan rumah tangga, selimut, permadani, dan tali-temali)."
C,14,INDUSTRI PAKAIAN JADI DAN PERLENGKAPANNYA (APPAREL),"Golongan pokok ini mencakup semua pekerjaan penjahitan pakaian (pakaian siap pakai atau dibuat berdasarkan ukuran/pesanan) dari semua bahan (seperti kulit, kain berbulu, kain tenun, kain rajutan, kain crocheted), dari semua jenis pakaian (seperti pakaian luar; pakaian dalam pria, wanita, atau anak-anak; pakaian kerja; dan pakaian santai) dan perlengkapan pakaian. Dalam golongan pokok ini, tidak ada perbedaan dalam pembuatan antara pakaian untuk anakanak dan orang dewasa. Golongan pokok ini juga mencakup pembuatan perlengkapan pakaian dan barang lainnya dari kulit berbulu."
C,15,INDUSTRI KULIT DAN PRODUK SEJENIS,"Golongan pokok ini mencakup pengolahan dan pewarnaan kulit berbulu dan proses perubahan dari kulit mentah menjadi kulit jadi, kulit samak, atau kulit finished dengan proses penyamakan atau proses pengawetan serta pengolahan kulit menjadi produk yang siap pakai. Golongan pokok ini juga mencakup pembuatan produk sejenis dari bahan selain kulit, seperti alas kaki dari bahan karet dan koper dari tekstil."
C,16,"INDUSTRI KAYU, BARANG DARI KAYU DAN GABUS (TIDAK TERMASUK FURNITUR); INDUSTRI BARANG ANYAMAN DARI BAMBU, ROTAN, DAN SEJENISNYA","Golongan pokok ini mencakup pembuatan barang-barang dari kayu, seperti kayu gergajian, kayu lapis, venir, kontainer kayu, lantai kayu, kuda-kuda, bangunan kayu prafabrikasi, dan bahan bakar padat dari biomassa sayur-sayuran; serta penyempurnaan produk kayu. Proses produksi mencakup kegiatan penggergajian, penghalusan permukaan, pembentukan, pelapisan, dan perakitan produk kayu."
C,17,INDUSTRI KERTAS DAN BARANG DARI KERTAS,"Golongan pokok ini mencakup pembuatan bubur kertas, kertas, produk kertas olahan, dan pembuatan produk daur ulang dari kayu, kertas, karton, dan papan kertas. Pembuatan dari produk-produk tersebut dikelompokkan bersama karena mereka berada dalam satu rangkaian proses pengolahan yang berkaitan. Seringkali, dalam satu unit terdapat lebih dari satu kegiatan."
C,18,PENCETAKAN DAN REPRODUKSI MEDIA REKAMAN,"Golongan pokok ini mencakup kegiatan pencetakan berbagai macam produk, seperti koran, buku, terbitan berkala, surat-surat bisnis dan kartu ucapan, serta pencetakan pada berbagai media, serta kegiatan penunjang yang berkaitan dengan kegiatan pencetakan, seperti penjilidan buku, jasa pembuatan pelat cetak, dan pencitraan data/data imaging."
C,19,INDUSTRI PRODUK DARI BATU BARA DAN PENGILANGAN MINYAK BUMI,"Golongan pokok ini mencakup kegiatan perubahan minyak bumi mentah dan batu bara menjadi produk yang dapat digunakan. Proses yang dominan adalah pengilangan minyak bumi, dengan kegiatan meliputi pemisahan minyak bumi mentah menjadi produk komponen melalui teknik seperti pemecahan/penguraian dan penyulingan."
C,20,INDUSTRI BAHAN KIMIA DAN BARANG DARI BAHAN KIMIA,Golongan pokok ini mencakup perubahan bahan baku organik dan anorganik dengan proses kimia untuk menghasilkan produk. Golongan pokok ini membedakan produksi bahan kimia dasar (yang termasuk dalam golongan pertama) dari produksi produk antara dan produk akhir yang dihasilkan melalui pengolahan lebih lanjut dari bahan kimia dasar.
C,21,"INDUSTRI SEDIAAN FARMASI, OBAT KIMIA, DAN OBAT TRADISIONAL","Golongan pokok ini mencakup pembuatan produk farmasi dasar dan preparat farmasi. Golongan pokok ini mencakup antara lain preparat darah, obat-obatan jadi, sediaan diagnostik, sediaan medis, obat tradisional atau jamu, suplemen kesehatan, dan produk botanikal untuk keperluan farmasi."
C,22,INDUSTRI BARANG DARI KARET DAN PLASTIK,"Golongan pokok ini mencakup pembuatan barang dari karet dan plastik. Golongan pokok ini dicirikan dengan penggunaan bahan baku karet dan plastik dalam proses pembuatannya. Walaupun demikian, tidak berarti bahwa pembuatan semua barang yang terbuat dari bahan baku karet dan plastik termasuk di sini."
C,23,INDUSTRI PRODUK MINERAL NONLOGAM,"Golongan pokok ini mencakup kegiatan pengolahan bahan baku menjadi barang jadi yang berhubungan dengan unsur tunggal suatu mineral murni. Golongan pokok ini meliputi pembuatan kaca dan produk kaca, produk keramik, ubin, produk tanah liat bakar, serta semen, beton, dan plester, mulai dari bahan mentah hingga barang jadi."
C,24,INDUSTRI LOGAM DASAR,"Golongan pokok ini mencakup kegiatan peleburan dan penyulingan logam besi dan bukan besi dari bijih, logam kasar (pig metal), limbah logam atau scrap, dengan menggunakan bermacam teknik metalurgi. Golongan pokok ini juga mencakup pembuatan logam paduan dan paduan super dengan mencampurkan elemen paduan pada logam murni."
C,25,INDUSTRI PRODUK LOGAM PABRIKASI BUKAN MESIN DAN PERALATANNYA,"Golongan pokok ini mencakup pembuatan produk logam ""murni"" (seperti suku cadang, kontainer/wadah, dan struktur), yang pada umumnya mempunyai fungsi statis atau tidak bergerak, serta pembuatan perlengkapan senjata dan amunisi."
C,26,"INDUSTRI PRODUK KOMPUTER, ELEKTRONIK, DAN OPTIK","Golongan pokok ini mencakup pembuatan komputer, perlengkapan komputer, peralatan komunikasi, dan produk-produk elektronik sejenis, termasuk pembuatan komponennya. Proses produksi ditandai dengan rancangan dan penggunaan penerapan teknologi tinggi untuk menciptakan IC dan barang-barang berukuran kecil."
C,27,INDUSTRI PERALATAN LISTRIK,"Golongan pokok ini mencakup pembuatan produk yang membangkitkan, mendistribusikan, dan menggunakan tenaga listrik. Golongan pokok ini juga mencakup pembuatan lampu listrik, peralatan sinyal, dan peralatan rumah tangga listrik."
C,28,INDUSTRI MESIN DAN PERLENGKAPAN YTDL,"Golongan pokok ini mencakup pembuatan mesin dan peralatan yang dapat bekerja bebas dengan bahan-bahan baik secara mekanik atau yang berhubungan dengan panas atau melaksanakan pengolahan bahan-bahan (seperti pengangkatan, penyemprotan, penimbangan atau pengepakan), termasuk komponen mekaniknya yang menghasilkan dan menggunakan tenaga."
C,29,"INDUSTRI KENDARAAN BERMOTOR, TRAILER, DAN SEMITRAILER","Golongan pokok ini mencakup pembuatan kendaraan bermotor untuk angkutan penumpang atau barang. Pembuatan berbagai suku cadang dan aksesori kendaraan bermotor, termasuk pembuatan trailer atau semitrailer dicakup dalam golongan pokok ini."
C,30,INDUSTRI ALAT ANGKUTAN LAINNYA,"Golongan pokok ini mencakup alat angkutan lain, seperti pembuatan kapal dan perahu, lori/gerbong kereta api dan lokomotif, pesawat udara dan pesawat angkasa, sepeda motor dan sepeda, serta pembuatan suku cadangnya yang belum diklasifikasikan di tempat lain."
C,31,INDUSTRI FURNITUR,"Golongan pokok ini mencakup pembuatan furnitur dan dan bagiannya, kecuali kaca lembaran dan lempengan, batu, beton, atau bahan yang serupa dengan bagian furnitur. Perancangan produk, baik untuk estetika dan kualitas fungsi adalah aspek yang penting dalam proses produksi."
C,32,INDUSTRI PRODUK LAINNYA,"Golongan pokok ini mencakup pembuatan berbagai macam barang yang belum dicakup di tempat lain dalam klasifikasi ini. Oleh karena golongan pokok ini bersifat residual, maka proses produksi, bahan input, dan penggunaan barang-barang yang dihasilkan dapat berubah-ubah secara luas."
C,33,"REPARASI, PEMELIHARAAN, DAN PEMASANGAN MESIN DAN PERALATAN","Golongan pokok ini mencakup kegiatan reparasi khusus barang barang yang dihasilkan dari lapangan usaha industri dengan tujuan untuk pemulihan mesin, peralatan dan produk lainnya menjadi baik, termasuk disini jasa rekondisi."
D,35,"PENYEDIAAN LISTRIK, GAS, UAP/AIR PANAS, DAN UDARA DINGIN","Kategori ini mencakup pembangkitan, penyimpanan, pengendalian, distribusi, perdagangan, dan keagenan tenaga listrik atau bahan bakar gas untuk penyediaan energi melalui jaringan, saluran, atau pipa permanen, termasuk penyediaan energi untuk lokasi pabrik atau bangunan tempat tinggal."
E,36,"PENAMPUNGAN, PENGAMBILAN, PENGOLAHAN, DAN PENYEDIAAN AIR","Golongan pokok ini mencakup kegiatan penampungan, pengambilan, pengolahan, dan pendistribusian air ke pengguna akhir. Pengambilan air berasal dari berbagai sumber serta pendistribusian melalui jaringan perpipaan dan bukan jaringan perpipaan tercakup di sini."
E,37,PENGELOLAAN AIR LIMBAH,"Golongan pokok ini mencakup kegiatan pengoperasian sistem pembuangan air limbah atau fasilitas pengolahan air limbah, termasuk kegiatan pengumpulan, pengolahan, dan pembuangan air limbah ke badan air atau pengoperasian kolam penyimpanan khusus."
E,38,"PENGUMPULAN, PENGOLAHAN DAN PEMBUANGAN LIMBAH ATAU SAMPAH; SERTA AKTIVITAS PEMULIHAN","Golongan pokok ini mencakup kegiatan pengumpulan, pengolahan untuk persiapan pemulihan atau pembuangan, pemulihan dan pembuangan limbah dan sampah serta pengorganisasiannya. Golongan pokok ini juga mencakup pengumpulan limbah dan sampah dalam wilayah setempat dan pengoperasian fasilitas daur ulang."
E,39,AKTIVITAS REMEDIASI DAN PENGELOLAAN LIMBAH ATAU SAMPAH LAINNYA,"Golongan pokok ini mencakup penyediaan jasa pemulihan kembali lingkungan dari pencemaran (remediasi), misalnya jasa pemulihan lokasi atau tempat dan gedung, tanah, air bawah tanah, atau air permukaan yang tercemar."
F,41,KONSTRUKSI GEDUNG HUNIAN DAN GEDUNG NONHUNIAN,"Golongan pokok ini mencakup kegiatan konstruksi umum berbagai macam jenis dan ukuran, seperti pembangunan gedung baru, perbaikan gedung, penambahan dan perubahan gedung, pendirian gedungprapabrikasi pada lokasi dan gedung yang bersifat sementara."
F,42,KONSTRUKSI BANGUNAN SIPIL,"Golongan pokok ini mencakup kegiatan konstruksi umum bangunan sipil, baik bangunan baru, perbaikan bangunan, penambahan bangunan dan perubahan bangunan, pendirian modul prapabrikasi pada lokasi proyek, dan konstruksi yang bersifat sementara. Golongan pokok ini juga mencakup kegiatan konstruksi berat."
F,43,KONSTRUKSI KHUSUS,"Golongan pokok ini mencakup kegiatan konstruksi khusus (yang berhubungan dengan keahlian khusus), biasanya khusus pada satu aspek umum untuk struktur yang berbeda, yang membutuhkan peralatan atau keterampilan khusus. Golongan pokok ini mencakup pemasangan semua jenis utilitas yang membuat bangunan gedung atau bangunan sipil berfungsi sebagaimana mestinya."
G,46,Perdagangan Besar,"Golongan pokok ini mencakup perdagangan besar barang fisik atas nama sendiri atau atas dasar balas jasa atau kontrak (perdagangan komisi) yang terkait dengan perdagangan besar domestik dan internasional (impor/ekspor), termasuk perdagangan besar secara daring. Perdagangan besar atas nama sendiri berarti memiliki hak atas barang yang diperdagangkan hingga hak tersebut dialihkan kepada pembeli barang. Dalam perdagangan transit, barang dipesan oleh pembeli, tetapi agen memiliki hak atas barang selama dalam perjalanan; keduanya diklasifikasikan dengan cara yang sama (golongan 462-469). Golongan pokok ini mencakup perdagangan besar atas dasar balas jasa atau kontrak (golongan 461), perdagangan besar khusus (golongan 462-467), dan perdagangan besar tidak khusus (golongan 469); subgolongan 4630 merupakan pengecualian karena tidak mencakup perdagangan besar tidak khusus untuk makanan, minuman, dan tembakau. Golongan pokok ini juga mencakup perdagangan besar mobil dan sepeda motor, serta suku cadang, perlengkapan, dan aksesori terkait, serta perdagangan transit. Golongan pokok ini tidak mencakup: perdagangan listrik (lihat 3513); perdagangan bahan bakar gas untuk pasokan energi melalui jaringan (lihat 3520); penyewaan dan sewa guna usaha barang (lihat kategori O); jasa pengemasan barang padat dan pembotolan barang cair atau gas, termasuk pencampuran dan penyaringan untuk pihak ketiga (lihat 8292)."
G,47,Perdagangan Eceran,"Golongan pokok ini mencakup penjualan kembali (penjualan tanpa transformasi atau dengan perubahan kecil atau perubahan biasa seperti rekondisi) barang-barang baru dan bekas kepada masyarakat umum untuk konsumsi atau kepuasan pribadi atau rumah tangga, melalui toko, toserba, koperasi konsumen, kios, rumah pesanan lewat pos, internet, penjual keliling (sales), pedagang kaki lima, dan lain-lain. Golongan pokok ini mencakup perdagangan eceran mobil dan sepeda motor termasuk kendaraan listrik. Aktivitas perdagangan eceran diklasifikasikan berdasarkan barang yang diperdagangkan tanpa memperhatikan cara penjualannya. Aktivitas ini dibagi ke dalam perdagangan eceran barang khusus (golongan 472 s.d. 478) dan berbagai barang atau barang umum (golongan 471), termasuk perdagangan barang bekas (subgolongan 4774). Barang yang dijual dibatasi untuk barang yang biasanya berkenaan dengan barang konsumen atau eceran; barang seperti bijih-bijihan atau mesin industri dikeluarkan dari sini. Pendistribusian produk digital, termasuk jasa pengunduhan dan pengaliran (streaming) juga termasuk di sini. Golongan ini juga mencakup unit yang utamanya menjual produk seperti komputer pribadi atau alat tulis ke masyarakat umum meskipun bukan untuk penggunaan pribadi. Penanganan lazim dalam perdagangan tidak mengubah bentuk dasar barang dan dapat mencakup penyortiran, pencampuran, pengemasan, pengiriman, dan pemasangan barang. Termasuk di dalamnya: perdagangan eceran minyak otomotif dan produk pelumas atau pendingin; aktivitas rumah lelang; aktivitas unit penyedia jasa intermediasi perdagangan eceran (lokapasar/marketplace) tanpa pemindahan hak kepemilikan; serta mesin penjual otomatis. Golongan pokok ini tidak mencakup: penjualan produk pertanian oleh petani (lihat 01); manufaktur dan penjualan barangnya (lihat industri 10-32); perdagangan biji-bijian sereal, bijih logam, minyak mentah, bahan kimia, mesin dan peralatan industri dan besi baja (lihat 46); dispenser kopi dan mesin penjual otomatis yang menyiapkan makanan/minuman untuk konsumsi segera (lihat 56); pendistribusian produk digital melalui pengunduhan/streaming oleh penerbit (lihat kategori J); penyewaan mobil atau sepeda motor (lihat 771); penyewaan barang pribadi dan rumah tangga (lihat 772)."
H,49,"Transportasi Jalan, Transportasi Kereta Api, dan Transportasi Melalui Saluran Pipa","Golongan pokok ini mencakup transportasi penumpang dan barang melalui jalan, rel atau saluran pipa. Kegiatan yang termasuk di dalamnya meliputi transportasi penumpang, baik untuk keperluan pribadi, profesional, maupun rekreasi, serta transportasi barang melalui jalan, rel, atau saluran pipa."
H,50,Transportasi Perairan,"Golongan pokok ini mencakup aktivitas transportasi perairan untuk penumpang atau barang baik terjadwal maupun tidak, baik untuk keperluan profesional, pribadi, maupun rekreasi. Golongan pokok ini juga mencakup pengoperasian kapal penarik atau pendorong, kapal pesiar, kapal wisata atau kapal penjelajah, feri, taksi air, dan lain-lain. Meskipun lokasi dapat menjadi indikator dalam membedakan antara transportasi laut dan transportasi perairan darat, faktor penentunya adalah jenis kapal yang digunakan. Transportasi menggunakan kapal laut diklasifikasikan dalam golongan 501, sedangkan transportasi menggunakan jenis kapal lainnya diklasifikasikan dalam golongan 502. Golongan pokok ini tidak mencakup kegiatan restoran dan bar di atas kapal (lihat subgolongan 5610 dan 5630) jika dilakukan oleh unit terpisah."
H,51,Transportasi Udara,"Golongan pokok ini mencakup aktivitas transportasi penumpang atau barang melalui udara atau angkasa. Golongan pokok ini tidak mencakup: penyemprotan tanaman dari udara, lihat subgolongan 0161; perbaikan dan pemeliharaan pesawat udara atau mesin pesawat, lihat subgolongan 3315; pengoperasian bandara, lihat subgolongan 5223; iklan udara (sky-writing), lihat subgolongan 7310; fotografi udara, lihat subgolongan 7420; pengawasan udara sipil, lihat subgolongan 8019; pengawasan udara militer, lihat subgolongan 8422."
H,52,Pergudangan dan Aktivitas Penunjang Transportasi,"Golongan pokok ini mencakup aktivitas pergudangan dan penunjang transportasi, seperti pengoperasian infrastruktur transportasi misalnya bandara, pelabuhan, terowongan, dan jembatan, termasuk kegiatan agen transportasi dan penanganan kargo. Kegiatan tersebut dilakukan atas nama dan untuk kepentingan pihak ketiga. Jika layanan tersebut disediakan semata-mata untuk mendukung kegiatan transportasi oleh unit yang sama, layanan tersebut akan dianggap sebagai kegiatan tambahan untuk transportasi dan unit tersebut akan diklasifikasikan di tempat lain dalam kategori H."
H,53,Aktivitas Pos dan Kurir,"Golongan pokok ini mencakup aktivitas pos dan kurir, seperti pengumpulan, pemrosesan, pengangkutan, dan pengantaran surat dan paket melalui berbagai mekanisme pengantaran, termasuk jasa pengiriman lokal."
I,55,Penyediaan Akomodasi,"Golongan pokok ini mencakup penyediaan akomodasi jangka pendek untuk pengunjung dan pelancong lainnya. Penyediaan akomodasi dapat hanya menyediakan fasilitas akomodasi saja atau kombinasi fasilitas akomodasi, makanan dan minuman, dan/atau fasilitas rekreasi. Golongan pokok ini tidak termasuk aktivitas yang berkaitan dengan penyediaan fasilitas tempat tinggal, seperti flat atau apartemen, lihat golongan pokok 68."
I,56,Aktivitas Penyediaan Makanan dan Minuman,"Golongan pokok ini mencakup kegiatan pelayanan makan minum yang menyediakan makanan atau minuman untuk dikonsumsi segera, baik restoran tradisional, restoran ""self service"", maupun restoran ""take away"", baik di tempat tetap maupun sementara dengan atau tanpa tempat duduk. Hal yang menjadi penentu (utama) adalah bahwa makanan yang disajikan siap untuk langsung dikonsumsi, bukan jenis tempat/usaha yang menyediakannya. Golongan pokok ini tidak mencakup produksi makanan yang tidak bisa dikonsumsi segera atau yang memang tidak direncanakan untuk dikonsumsi segera atau makanan olahan yang tidak dianggap sebagai makanan yang bisa dikonsumsi segera, lihat golongan pokok 10, 11. Golongan pokok ini juga tidak mencakup penjualan makanan bukan buatan sendiri yang tidak direncanakan untuk menjadi makanan atau makanan yang bisa dikonsumsi segera, lihat kategori G. Dispenser kopi dan mesin penjual otomatis/vending machine yang menjual makanan dan minuman yang disiapkan oleh mesin itu sendiri diklasifikasikan ke golongan pokok 47."
J,58,Aktivitas Penerbitan,"Golongan pokok ini mencakup aktivitas penerbitan buku, brosur, leaflet, kamus, ensiklopedia, atlas, peta, dan grafik; penerbitan surat kabar, jurnal, majalah, dan terbitan berkala lainnya; direktori, mailing list, dan penerbitan lainnya, serta penerbitan perangkat lunak (software) dan video gim. Penerbitan termasuk perolehan hak cipta atas konten (produk informasi) dan membuat konten ini tersedia untuk publik melalui kegiatan reproduksi dan distribusi dalam berbagai bentuk. Penerbit dapat memberikan lisensi kepada pihak lain untuk mendistribusikan kontennya, atau dapat menerbitkan dan mendistribusikan konten yang mereka ciptakan atau miliki. Semua bentuk yang mungkin dari penerbitan (baik dalam bentuk cetak, elektronik digital, maupun bentuk lainnya) dan aktivitas penerbitan sendiri (self-publishing) juga termasuk dalam golongan pokok ini, tetapi tidak termasuk penerbitan film dan musik. Golongan pokok ini juga mencakup aktivitas streaming konten, seperti perangkat lunak dan buku, yang dilakukan oleh penerbit konten. Golongan pokok ini tidak mencakup: aktivitas produksi film, video, dan sinema, serta penerbitan musik dan produksi rekaman suara master asli (lihat golongan pokok 59); perolehan hak siar atau hak distribusi dari penerbit untuk konten siaran (lihat golongan pokok 60); aktivitas pemrograman komputer (lihat golongan pokok 62); percetakan (lihat subgolongan 1811); dan reproduksi media rekaman secara massal (lihat subgolongan 1820)."
J,59,"Aktivitas Produksi Film, Video, dan Program Televisi, serta Perekaman Suara dan Penerbitan MUsik","Golongan pokok ini mencakup aktivitas pembuatan atau produksi gambar bergerak termasuk film (baik film teatrikal maupun nonteatrikal), video, atau karya audiovisual lainnya termasuk vlog, baik untuk diputar langsung di bioskop, disiarkan, maupun ditayangkan melalui platform streaming; kegiatan pascaproduksi pendukung seperti editing, cutting, dubbing film, atau konversi ke format video streaming; pendistribusian gambar bergerak dan produk audiovisual lainnya untuk industri lain; serta kegiatan pemutaran film atau produk audiovisual lainnya. Termasuk juga pembelian dan penjualan hak distribusi atas film, gambar bergerak lain, atau produk audiovisual lainnya. Golongan pokok ini juga mencakup aktivitas perekaman suara, seperti produksi master perekaman suara asli, merilis, mempromosikan dan mendistribusikannya, penerbitan musik, termasuk distribusi langsung ke publik melalui layanan streaming dan unduhan digital, serta kegiatan jasa perekaman suara di dalam studio atau di tempat lain. Golongan pokok ini tidak mencakup: aktivitas layanan distribusi atau penyebaran streaming dan unduhan berdasarkan permintaan oleh pihak ketiga, lihat golongan pokok 60; aktivitas musisi dan aktor independen (termasuk influencer yang tampil dalam vlog), sutradara, penata panggung, dan kegiatan pendukung seni pertunjukan lainnya, lihat kategori S; aktivitas perdagangan besar dan eceran rekaman audio dan video dalam bentuk media fisik, lihat kategori G; aktivitas penyewaan cakram video/video disc, lihat kategori O."
J,60,"Aktivitas Pemrograman, Penyiaran, Kantor Berita, dan Distribusi Konten Lainnya","Golongan pokok ini mencakup aktivitas pembuatan konten atau perolehan hak untuk menyebarkannya, serta aktivitas penyiaran atau distribusi konten tersebut. Jenis konten yang diproduksi atau disebarkan meliputi siaran radio, televisi, hiburan audio dan audiovisual, berita, bincang-bincang, dan sejenisnya, termasuk program dengan format terbatas/narrowcast, seperti berita, olahraga, pendidikan, atau program yang ditujukan untuk kalangan muda. Penyiaran atau distribusi konten dalam golongan ini dapat dilakukan melalui berbagai teknologi, seperti, siaran udara (terestrial) atau over-the-air, satelit, jaringan kabel, atau melalui internet (termasuk penyiaran/broadcasting, siaran alir/streaming, atau pengunduhan/download). Golongan pokok ini juga mencakup aktivitas penyiaran siniar langsung (live podcast); aktivitas distribusi dan unduhan rekaman siniar oleh pihak ketiga atas dasar permintaan (on-demand); aktivitas kantor berita; aktivitas situs jejaring sosial, blog, dan wiki; aktivitas situs gim online dan video gim. Konten dapat tersedia secara gratis bagi pengguna atau dengan sistem berlangganan atau pembayaran. Golongan pokok ini tidak mencakup: aktivitas pengoperasian jaringan transmisi televisi kabel atau satelit, lihat golongan pokok 61; aktivitas produksi rekaman audio dan audiovisual (termasuk siniar terekam), aktivitas situs vlog, dan distribusi film, video, karya audiovisual, serta produksi sejenis di bioskop, jaringan atau stasiun televisi, dan pihak penyelenggara lainnya, lihat golongan pokok 59; perdagangan besar atau eceran rekaman audio dan video dalam media fisik, lihat golongan pokok 46 atau 47; toko pengecer surat kabar, lihat golongan pokok 47; aktivitas penyewaan cakram video, lihat golongan pokok 77; aktivitas aktivitas aktor independen (termasuk influencer yang muncul dalam vlog) dan bloger independen, lihat golongan pokok 90; aktivitas penerbitan video gim dan perangkat lunak lainnya, lihat golongan pokok 58; aktivitas penyediaan infrastruktur komputasi dan hosting, serta aktivitas portal pencarian web, lihat golongan pokok 63; aktivitas situs perjudian, lihat golongan pokok 92."
K,61,Telekomunikasi,"Golongan pokok ini mencakup aktivitas penyediaan telekomunikasi dan jasa YBDI, yaitu transmisi rekaman, data, teks, suara, dan video. Fasilitas transmisi yang menjalankan aktivitas ini dapat berbasis pada satu teknologi atau kombinasi berbagai teknologi. Umumnya aktivitas yang diklasifikasikan dalam golongan pokok ini adalah transmisi konten tanpa terlibat dalam proses pembuatan atau pengubahannya. Dalam hal transmisi sinyal televisi, aktivitas ini dapat mencakup penggabungan saluran pemrograman lengkap yang diproduksi dalam golongan pokok 60 ke dalam paket program untuk pendistribusian. Golongan pokok ini tidak mencakup: aktivitas produksi dan pascaproduksi film, audiovisual, program televisi, dan rekaman suara, termasuk jasa untuk mengubah konten audio dan video ke dalam format streaming, lihat golongan pokok 59; aktivitas penyiaran dan penyediaan jasa distribusi siaran alir (streaming) audio dan video sesuai permintaan oleh pihak ketiga, lihat golongan pokok 60."
K,62,"Aktivitas Pemrograman, Konsultasi Komputer, dan Aktivitas Terkait","Golongan pokok ini mencakup aktivitas penyediaan jasa keahlian di bidang teknologi informasi, seperti perancangan struktur dan konten, dan/atau kegiatan penulisan, modifikasi, kustomisasi, pengujian, dan penyediaan dukungan terhadap perangkat lunak/software dan aplikasi; perencanaan dan perancangan sistem komputer yang mengintegrasikan perangkat keras (hardware) komputer, perangkat lunak, dan teknologi komunikasi; manajemen dan pengoperasian sistem komputer dan/atau fasilitas pengolahan data di tempat klien (on-site); kegiatan konsultansi profesional di bidang perangkat keras, perangkat lunak, dan sistem komputer; dan aktivitas profesional dan teknis lainnya yang berkaitan dengan komputer."
K,63,"Aktivitas Jasa Infrastruktur Komputasi, Pengolahan Data, Hosting, dan Informasi Lainnya","Golongan pokok ini mencakup aktivitas penyediaan infrastruktur komputasi, pengolahan dan hosting data, serta portal pencarian web dan kegiatan lainnya yang utamanya menyediakan informasi. Golongan pokok ini tidak mencakup: aktivitas penerbitan perangkat lunak, lihat golongan pokok 58; aktivitas telekomunikasi, lihat golongan pokok 61; aktivitas pemrograman komputer, perancangan sistem komputer, dan manajemen fasilitas komputer, lihat golongan pokok 62; aktivitas kantor berita dan situs video gim daring (online), lihat golongan pokok 60; aktivitas situs perjudian, lihat golongan pokok 92; aktivitas perbaikan dan pemeliharaan komputer dan peralatan komunikasi, lihat golongan pokok 95."
L,64,"Aktivitas Jasa Keuangan, Kecuali Asuransi dan Dana Pensiun","Golongan pokok ini mencakup kegiatan mendapatkan dan menyediakan dana-dana selain untuk tujuan asuransi, dana pensiun atau jaminan sosial wajib. Golongan pokok ini juga mencakup aktivitas penyimpanan aset keuangan seperti aktivitas perusahaan holding, pembiayaan conduit serta aktivitas trust, pendanaan, dan lembaga keuangan sejenis, yang tidak mencakup kegiatan produksi ekonomi berdasarkan konsep ISIC. Unit-unit yang diklasifikasikan dalam golongan 642 ""Aktivitas perusahaan induk dan pembiayaan conduit"" dan 643 ""Aktivitas trust, pendanaan, dan lembaga keuangan sejenis"" memiliki sedikit atau tidak memiliki pekerjaan, keberadaan fisik, atau produksi secara fisik dan diikutsertakan di dalam ISIC untuk memfasilitasi klasifikasi unit-unit di dalam statistical business register. Golongan pokok ini tidak mencakup aktivitas lembaga promosi untuk pembangunan ekonomi melalui investasi jangka panjang pada tingkat lokal, regional, dan nasional yang bertindak sebagai alat pemerintah untuk menjalankan mandat kebijakan publik (lihat subgolongan 8414)."
L,65,"Asuransi Penjaminan, Reasuransi, dan Dana Pensiun, Kecuali Jaminan Sosial Wajib","Golongan pokok ini mencakup penjaminan anuitas, usaha asuransi seperti asuransi jiwa dan asuransi umum langsung serta premi investasi untuk membangun portofolio aset financial yang akan digunakan untuk klaim di masa depan. Penyediaan asuransi langsung, penjaminan, reasuransi, dan dana pensiun termasuk di dalam golongan pokok ini. Golongan pokok ini tidak mencakup penyediaan jasa terkait asuransi atas dasar balas jasa atau kontrak (lihat golongan pokok 66)."
L,66,"Aktivitas Penunjang Jasa Keuangan, Asuransi, Penjaminan dan Dana Pensiun","Golongan pokok ini mencakup penyediaan jasa yang terlibat atau mendukung transaksi keuangan atas aset dan liabilitas keuangan, tanpa mengambil hak kepemilikan atas aset dan liabilitas keuangan yang ditransaksikan, tetapi bukan disediakan sendiri oleh jasa tersebut. Jasa ini dapat diberikan dalam atau melalui berbagai media atau cara, termasuk melalui internet."
M,68,AKTIVITAS REAL ESTAT,Lihat kategori M.
N,69,AKTIVITAS HUKUM DAN AKUNTANSI,"Golongan pokok ini mencakup kegiatan perwakilan hukum atas kepentingan satu pihak terhadap pihak lain, baik di dalam maupun di luar persidangan atau lembaga yudisial lain, dilakukan oleh atau di bawah pengawasan anggota pengadilan seperti advis dan perwakilan kasus perdata, advis dan perwakilan hukum dalam kasus pidana, serta advis dan perwakilan hukum yang berkaitan dengan perselisihan tenaga kerja. Kegiatan pada golongan pokok ini mungkin tersedia secara daring. Golongan pokok ini juga mencakup kegiatan penyiapan dokumen hukum seperti hukum penggabungan, perjanjian kerjasama atau dokumen sejenis dalam kaitannya dengan pembentukan perusahaan, paten dan hak cipta/copyright, penyiapan akte, surat wasiat, trust, dan lain-lain seperti halnya kegiatan notaris publik, notaris hukum sipil, juru sita/bailift, juru pisah atau arbitrator, penguji atau pemeriksa, dan liperi lainnya. Golongan pokok ini juga mencakup kegiatan jasa akuntansi dan pembukuan seperti pengauditan catatan akuntansi, perancangan sistem akuntansi, persiapan pembukuan, dan laporan keuangan."
N,70,AKTIVITAS KANTOR PUSAT DAN KONSULTANSI MANAJEMEN,"Golongan pokok ini mencakup kegiatan penyediaan advis dan bantuan untuk usaha dan organisasi lain pada persoalan manajemen, seperti perencanaan strategis dan organisasional, penganggaran dan perencanaan keuangan, kebijakan dan tujuan pemasaran, rencana, perencanaan, kebijakan, dan praktik sumber daya manusia, penjadwalan produksi; dan perencanaan pengawasan. Golongan pokok ini juga mencakup kegiatan pengelolaan dan pengawasan unit lain dalam satu perusahaan atau kelompok perusahaan, misalnya kegiatan kantor pusat."
N,71,AKTIVITAS ARSITEKTURAL DAN ENJINERING; PENGUJIAN DAN ANALISIS TEKNIS,"Golongan pokok ini mencakup kegiatan penyediaan jasa arsitektur, jasa enjinering, jasa produksi dokumen konstruksi (drafting), jasa inspeksi bangunan, serta jasa pengukuran tanah (surveying) dan pemetaan (mapping). Golongan pokok ini juga mencakup kegiatan pelaksanaan jasa pengujian fisik, kimiawi, dan jasa pengujian analitis lainnya, serta penyediaan jasa sertifikasi teknis."
N,72,PENELITIAN DAN PENGEMBANGAN ILMIAH,"Golongan pokok ini mencakup tiga jenis aktivitas penelitian dan pengembangan: (1) penelitian dasar, yaitu kegiatan eksperimental atau teoretikal yang dilakukan terutama untuk memperoleh pengetahuan baru mengenai dasar-dasar fenomena dan fakta yang terobservasi, tanpa mengarah pada penerapan atau penggunaan tertentu; (2) penelitian terapan, yaitu investigasi orisinal yang dilakukan untuk memperoleh pengetahuan baru, dengan tujuan praktis tertentu secara langsung; dan (3) pengembangan eksperimental, yaitu kegiatan sistematis yang didasarkan pada pengetahuan yang telah ada, baik dari hasil penelitian maupun pengalaman praktis, yang diarahkan untuk menghasilkan bahan, produk, dan perangkat baru; memasang proses, sistem, dan layanan baru; serta meningkatkan secara substansial hal yang telah ada sebelumnya. Aktivitas penelitian dan pengembangan eksperimental dalam golongan pokok ini tidak dianggap sebagai kegiatan penunjang. Golongan pokok ini dibagi menjadi dua golongan, yaitu ilmu alam dan enjinering, serta ilmu sosial dan humaniora. Golongan pokok ini juga mencakup pengembangan dan produksi prototipe dengan tujuan utama untuk melakukan penyempurnaan lebih lanjut, baik prototipe tersebut dikaitkan dengan produksi massal maupun tidak."
N,73,"AKTIVITAS PERIKLANAN, PENELITIAN PASAR, DAN KEHUMASAN","Golongan pokok ini mencakup aktivitas pembuatan kampanye 
periklanan dan penempatannya di media, meliputi majalah, surat 
kabar, radio, televisi, internet, atau media lainnya, serta perancangan 
struktur, dan displai iklan. Aktivitas periklanan ini umumnya 
disediakan melalui agensi periklanan dan perwakilan media. 
Golongan pokok ini mencakup aktivitas penyediaan informasi terkait 
pemasaran barang dan jasa serta penyediaan informasi terkait 
aktivitas kehumasan dan aktivitas jajak pendapat opini publik, yang 
dapat didasarkan pada pengumpulan dan analisis data asli, atau 
penelitian dan analisis data yang telah tersedia sebelumnya. 
Golongan pokok ini tidak mencakup 
- aktivitas yang pendapatannya dihasilkan dari periklanan, harus 
diklasifikasikan berdasarkan aktivitas utamanya, misalnya 
penerbitan iklan surat kabar; 
- penjualan ruang atau waktu iklan yang secara langsung dikelola 
oleh pemilik media (yaitu penerbit, dan sebagainya), lihat 
subgolongan pada aktivitas yang bersesuaian."
N,74,"AKTIVITAS PROFESIONAL, ILMIAH, DAN TEKNIS LAINNYA","Golongan pokok ini mencakup aktivitas penyediaan jasa profesional 
di bidang ilmiah dan teknis (selain aktivitas jasa hukum dan 
akuntansi; aktivitas jasa arsitektur dan enjinering; pengujian dan 
analisis teknis; aktivitas konsultansi manajemen dan bisnis; aktivitas 
penelitian dan pengembangan; serta aktivitas periklanan. 
Kelompok ini tidak mencakup 
- aktivitas penulis untuk semua subyek, meliputi penulis fiksi, teknis, 
dan lain-lain, lihat subgolongan 9011"
N,75,AKTIVITAS KESEHATAN HEWAN (VETERINER),"Golongan pokok ini mencakup penyediaan perawatan kesehatan hewan dan kegiatan pengawasan untuk hewan ternak dan hewan piaraan dilakukan oleh dokter hewan yang memenuhi syarat pada rumah sakit hewan, seperti halnya ketika mengunjungi peternakan, kandang atau rumah, atau di tempat lain. Golongan pokok ini juga mencakup pengobatan klinik hama penyakit dan kegiatan diagnostik lainnya dari asisten dokter hewan atau personel lainnya dan kegiatan ambulans hewan."
O,77,PENYEWAAN DAN SEWA GUNA USAHA,"Golongan pokok ini mencakup kegiatan penyewaan dan sewa guna 
usaha untuk aset berwujud dan aset tidak berwujud nonfinansial, 
serta kegiatan jasa intermediasi untuk penyewaan dan sewa guna 
usaha. Untuk kegiatan sewa guna usaha, yang termasuk dalam 
golongan pokok ini hanya penyediaan sewa guna usaha operasional 
(tanpa hak opsi). 
Penyewa atau pemberi sewa menanggung risiko ekonomi atas barang 
berwujud dan aset tidak berwujud nonfinansial yang disediakan, 
sedangkan perantara tidak menanggung risiko ekonomi atas barang 
berwujud dan aset tidak berwujud nonfinansial yang diperantarai. 
Dalam golongan pokok ini, berbagai macam barang berwujud, seperti 
kendaraan, komputer, barang konsumsi, serta mesin dan peralatan 
industri disewakan kepada konsumen sebagai pengganti pembayaran 
sewa. Izin penggunaan aset, seperti paten, merek dagang, nama
dagang, dan perjanjian waralaba untuk pembayaran royalti dan balas 
jasa lisensi yang dibayarkan pada pemilik aset juga termasuk dalam 
golongan pokok ini. 
Golongan pokok ini tidak mencakup 
- penyewaan peralatan dengan operator, lihat kelompok yang sesuai 
dengan aktivitas yang dilakukan dengan jenis peralatan yang 
disewakan, seperti konstruksi (kategori F), transportasi (kategori 
H); 
- pengaliran/streaming konten, seperti perangkat lunak dan buku 
oleh penerbit konten, lihat golongan pokok 58; 
- aktivitas pengaliran buku audio yang tidak terkait dengan 
penerbitannya, lihat subgolongan 6010; 
- sewa guna usaha finansial, lihat subgolongan 6491; - penyewaan 
real estat, lihat kategori M."
O,78,AKTIVITAS KETENAGAKERJAAN,"Golongan pokok ini mencakup kegiatan pencatatan lowongan 
pekerjaan dan rujukan atau penempatan tenaga kerja pada suatu 
pekerjaan untuk pencari kerja yang bukan merupakan pegawai dari 
lembaga penempatan tenaga kerja, penyediaan tenaga kerja untuk 
perusahaan klien dalam jangka waktu tertentu guna menambah 
tenaga kerja klien, dan kegiatan penyediaan sumber daya manusia 
lainnya. 
Golongan pokok ini mencakup 
- kegiatan pencarian dan penempatan personel; 
- kegiatan agensi pemilihan peran teater; - kegiatan 
agensi perekrutan; - kegiatan headhunting. 
Golongan pokok ini tidak mencakup kegiatan agen untuk artis 
perorangan, lihat subgolongan 7499."
O,79,"AKTIVITAS AGEN PERJALANAN, PENYELENGGARA TUR, DAN JASA TERKAIT","Golongan pokok ini mencakup kegiatan keagenan yang terutama 
bergerak dalam penjualan dan pengoperasian paket perjalanan yang 
meliputi transportasi, akomodasi, rekreasi dan hiburan, pemandu 
wisata, dan layanan lainnya kepada masyarakat umum dan klien 
komersial, serta kegiatan mengatur dan menyusun tur yang dijual 
melalui agen perjalanan atau langsung oleh biro perjalanan, dan 
layanan terkait perjalanan lainnya termasuk layanan reservasi. 
Golongan pokok ini juga mencakup 
- kegiatan pemandu wisata dan kegiatan promosi pariwisata; - jasa 
intermediasi untuk perjalanan. 
Golongan pokok ini tidak mencakup 
- aktivitas jasa intermediasi untuk transportasi penumpang saja, 
lihat subgolongan 5232; 
- aktivitas jasa intermediasi untuk akomodasi saja, lihat 
subgolongan 5540; 
- aktivitas jasa intermediasi untuk aktivitas layanan makanan dan 
minuman, lihat subgolongan 5640; 
- aktivitas jasa intermediasi untuk penyewaan mobil, rumah 
bergerak, dan trailer, lihat subgolongan 7751; 
- aktivitas jasa intermediasi untuk tiket hiburan, olahraga, dan 
teater, lihat subgolongan 8240."
O,80,AKTIVITAS INVESTIGASI DAN KEAMANAN,"Golongan pokok ini mencakup layanan terkait keamanan, seperti layanan investigasi swasta, komersial, korporat, asuransi, dan pidana untuk pelaksanaan hak di pengadilan; layanan penjagaan dan patroli; mengambil dan mengirimkan uang, tanda terima, atau barang berharga lainnya dengan personel dan peralatan untuk melindungi barang tersebut saat dalam perjalanan; layanan sistem keamanan dan pengoperasian sistem alarm keamanan elektronik, seperti alarm antipencurian dan kebakaran, serta layanan sistem pemantauan jarak jauh dan pengawasan video yang kegiatannya berfokus pada pemantauan jarak jauh sistem ini, tetapi sering kali juga melibatkan layanan penjualan, pemasangan, dan perbaikan. Golongan pokok ini juga mencakup layanan keamanan yang terkait dengan pencegahan dan keselamatan orang di acara publik dan tempat yang terbuka untuk umum; layanan keamanan yang menyediakan layanan mobil lapis baja. Golongan pokok ini tidak mencakup aktifitas keamanan teknologi informasi, lihat golongan pokok 62."
O,81,AKTIVITAS JASA UNTUK BANGUNAN DAN LANSKAP,"Golongan pokok ini mencakup penyediaan layanan jasa penunjang 
umum, seperti 
- penyediaan gabungan jasa layanan penunjang dalam fasilitas 
klien; 
- pembersihan semua jenis interior dan eksterior bangunan; 
- pembersihan mesin industri, pembersihan kereta api, bus, 
pesawat, dll.; 
- pembersihan bagian dalam tanker jalan raya dan laut; 
- kegiatan disinfeksi dan pemusnahan untuk bangunan, kapal, 
kereta api, dll.; 
- pembersihan botol; 
- penyapuan jalan; 
- pemindahan salju dan es; 
- penyediaan layanan perawatan dan pemeliharaan lanskap"
O,82,"AKTIVITAS ADMINISTRATIF, AKTIVITAS PENUNJANG KANTOR DAN AKTIVITAS PENUNJANG USAHA","Golongan pokok ini mencakup penyediaan sekumpulan jasa ketatausahaan sehari-hari seperti halnya bisnis rutin yang terus menerus mendukung fungsi lainnya, atas dasar balas jasa atau kontrak. Golongan pokok ini juga mencakup semua kegiatan jasa penunjang khususnya yang disediakan untuk bisnis yang tidak diklasifikasikan di tempat lain. Kegiatan yang diklasifikasikan di sini tidak menyediakan tenaga operasional yang melakukan keseluruhan operasional usaha."
P,84,"ADMINISTRASI PEMERINTAHAN DAN PERTAHANAN, SERTA JAMINAN SOSIAL WAJIB",Lihat kategori P.
Q,85,PENDIDIKAN,Lihat kategori Q
R,86,AKTIVITAS KESEHATAN MANUSIA,"Golongan pokok ini mencakup kegiatan berbagai macam pelayanan kesehatan rawat inap di rumah sakit dan lembaga medis, baik rumah sakit umum atau spesialis dan lembaga kesehatan masyarakat, jangka pendek atau jangka panjang, pengobatan umum atau khusus yang berkaitan dengan penyediaan pengobatan medis dan diagnostik untuk pasien dalam berbagai kondisi medis."
R,87,AKTIVITAS PERAWATAN BERBASIS RESIDENSIAL,"Golongan pokok ini mencakup penyediaan jasa kegiatan berbasis residensial yang dikombinasikan baik dengan perawatan, pengawasan atau perawatan lain yang diperlukan oleh penghuni panti."
R,88,AKTIVITAS SOSIAL TANPA AKOMODASI,Golongan pokok ini mencakup penyediaan jasa sosial di luar panti yang meliputi berbagai jasa bantuan sosial untuk masyarakat.
S,90,AKTIVITAS PENCIPTAAN KARYA SENI DAN SENI PERTUNJUKAN,Golongan pokok ini mencakup aktivitas penciptaan karya seni dan seni pertunjukan dan pengoperasian fasilitas dan penyediaan jasa untuk memenuhi kebutuhan kebudayaan dan hiburan.
S,91,"PERPUSTAKAAN, ARSIP, MUSEUM, DAN KEGIATAN KEBUDAYAAN LAINNYA","Golongan pokok ini mencakup aktivitas perpustakaan, kearsipan, pengoperasian berbagai macam museum, koleksi warisan/peninggalan dalam berbagai bentuk, termasuk dokumen perpustakaan dan arsip, kebun raya dan kebun binatang, pengoperasian situs/bangunan bersejarah dan arkeologi, dan aktivitas taman konservasi alam."
S,92,AKTIVITAS PERJUDIAN DAN PERTARUHAN,Lihat subgolongan 9200.
S,93,"AKTIVITAS OLAHRAGA, HIBURAN, DAN REKREASI","Golongan pokok ini mencakup aktivitas olahraga sebagai bentuk aktivitas fisik, baik yang dilakukan sesekali maupun secara terorganisir, dengan tujuan untuk mengekspresikan dan meningkatkan kebugaran fisik dan kesehatan mental, dan membangun hubungan sosial atau mencapai hasil dalam kompetisi di semua level."
T,94,AKTIVITAS KEANGGOTAAN ORGANISASI,Golongan pokok ini mencakup kegiatan organisasi yang mewakili kepentingan kelompok khusus atau memperjuangkan ide atau gagasan organisasi kepada masyarakat umum.
T,95,"REPARASI DAN PEMELIHARAAN KOMPUTER, BARANG KEPERLUAN PRIBADI DAN PERLENGKAPAN RUMAH TANGGA, SERTA KENDARAAN BERMOTOR DAN SEPEDA MOTOR","Golongan pokok ini mencakup kegiatan reparasi dan perawatan/pemeliharaan perangkat komputer dan perlengkapannya, peralatan komunikasi dan barang elektronik konsumen, peralatan berkebun, alas kaki dan barang dari kulit, furnitur dan peralatan rumah tangga, pakaian jadi, barang untuk olahraga, instrumen atau alat musik, dan barang keperluan pribadi dan barang perlengkapan rumah tangga lainnya, serta perbaikan dan pemeliharaan kendaraan bermotor dan sepeda motor."
T,96,AKTIVITAS JASA PERORANGAN,"Golongan pokok ini mencakup kegiatan jasa perorangan lain yang tidak termasuk dimanapun dalam klasifikasi ini, seperti pencucian produk tekstil dan kulit berbulu, penataan rambut dan perawatan kecantikan lain, jasa pemakaman dan jasa lainnya yang terkait dengan pemakaman."
U,97,AKTIVITAS RUMAH TANGGA SEBAGAI PEMBERI KERJA BAGI PEKERJA RUMAH TANGGA (PRT),Lihat kelompok 97000.
U,98,AKTIVITAS PRODUKSI BERAGAM BARANG DAN JASA OLEH RUMAH TANGGA UNTUK KEPERLUAN SENDIRI,Golongan pokok ini mencakup kegiatan yang menghasilkan barang dan jasa oleh rumah tangga untuk memenuhi kebutuhan sendiri.
V,99,AKTIVITAS BADAN INTERNASIONAL DAN BADAN EKSTRA INTERNASIONAL LAINNYA,Lihat subgolongan 9900